<?xml version="1.0" encoding="utf-8"?>
<!DOCTYPE hibernate-configuration PUBLIC
"-//Hibernate/Hibernate Configuration DTD 3.0//EN"
"http://www.hibernate.org/dtd/hibernate-configuration-3.0.dtd">

<hibernate-configuration>
<session-factory>
    <property name="hibernate.connection.driver_class">com.mysql.jdbc.Driver</property>
    <property name="hibernate.connection.url">jdbc:mysql://localhost:3306/cinema?characterEncoding=UTF-8</property>
    <property name="hibernate.connection.username">root</property>
    <property name="hibernate.connection.password"></property>
    <property name="hibernate.dialect">org.hibernate.dialect.MySQLDialect</property>
   <!-- JDBC connection pool settings ... using built-in test pool -->
        <property name="connection.pool_size">10</property>
    <!-- Set the current session context -->
		<property name="current_session_context_class">thread</property>
		<property name="hibernate.enable_lazy_load_no_trans">true</property>
    <property name="show_sql">true</property>
</session-factory>
</hibernate-configuration>